SET SQL_MODE = "NO_AUTO_VALUE_ON_ZERO";
SET time_zone = "+00:00";

CREATE TABLE `1` (
  `day` mediumtext COLLATE utf8_polish_ci NOT NULL,
  `info` mediumtext COLLATE utf8_polish_ci NOT NULL
) ENGINE=InnoDB DEFAULT CHARSET=utf8 COLLATE=utf8_polish_ci;

INSERT INTO `1` (`day`, `info`) VALUES
('22_03_30', 'a:1:{i:2;a:3:{s:2:\"id\";s:1:\"2\";s:10:\"importance\";s:1:\"4\";s:4:\"note\";s:22:\"Praca przy projekcie 1\";}}'),
('22_03_31', 'a:1:{i:2;a:3:{s:2:\"id\";s:1:\"2\";s:10:\"importance\";s:1:\"4\";s:4:\"note\";s:22:\"Praca przy projekcie 1\";}}'),
('22_04_01', 'a:1:{i:2;a:3:{s:2:\"id\";s:1:\"2\";s:10:\"importance\";s:1:\"4\";s:4:\"note\";s:22:\"Praca przy projekcie 1\";}}'),
('22_04_04', 'a:1:{i:2;a:3:{s:2:\"id\";s:1:\"2\";s:10:\"importance\";s:1:\"4\";s:4:\"note\";s:22:\"Praca przy projekcie 1\";}}'),
('22_04_05', 'a:1:{i:2;a:3:{s:2:\"id\";s:1:\"2\";s:10:\"importance\";s:1:\"4\";s:4:\"note\";s:22:\"Praca przy projekcie 1\";}}'),
('22_04_06', 'a:1:{i:2;a:3:{s:2:\"id\";s:1:\"2\";s:10:\"importance\";s:1:\"4\";s:4:\"note\";s:22:\"Praca przy projekcie 1\";}}'),
('22_04_07', 'a:1:{i:2;a:3:{s:2:\"id\";s:1:\"2\";s:10:\"importance\";s:1:\"4\";s:4:\"note\";s:22:\"Praca przy projekcie 1\";}}'),
('22_04_08', 'a:1:{i:2;a:3:{s:2:\"id\";s:1:\"2\";s:10:\"importance\";s:1:\"4\";s:4:\"note\";s:22:\"Praca przy projekcie 1\";}}'),
('22_04_11', 'a:1:{i:2;a:3:{s:2:\"id\";s:1:\"2\";s:10:\"importance\";s:1:\"4\";s:4:\"note\";s:22:\"Praca przy projekcie 1\";}}'),
('22_04_12', 'a:1:{i:2;a:3:{s:2:\"id\";s:1:\"2\";s:10:\"importance\";s:1:\"4\";s:4:\"note\";s:22:\"Praca przy projekcie 1\";}}'),
('22_04_13', 'a:1:{i:2;a:3:{s:2:\"id\";s:1:\"2\";s:10:\"importance\";s:1:\"4\";s:4:\"note\";s:22:\"Praca przy projekcie 1\";}}'),
('22_04_14', 'a:1:{i:2;a:3:{s:2:\"id\";s:1:\"2\";s:10:\"importance\";s:1:\"4\";s:4:\"note\";s:22:\"Praca przy projekcie 1\";}}'),
('22_04_15', 'a:1:{i:2;a:3:{s:2:\"id\";s:1:\"2\";s:10:\"importance\";s:1:\"4\";s:4:\"note\";s:22:\"Praca przy projekcie 1\";}}'),
('22_04_18', 'a:1:{i:2;a:3:{s:2:\"id\";s:1:\"2\";s:10:\"importance\";s:1:\"4\";s:4:\"note\";s:22:\"Praca przy projekcie 1\";}}'),
('22_04_19', 'a:1:{i:2;a:3:{s:2:\"id\";s:1:\"2\";s:10:\"importance\";s:1:\"4\";s:4:\"note\";s:22:\"Praca przy projekcie 1\";}}'),
('22_04_20', 'a:1:{i:2;a:3:{s:2:\"id\";s:1:\"2\";s:10:\"importance\";s:1:\"4\";s:4:\"note\";s:22:\"Praca przy projekcie 1\";}}'),
('22_04_21', 'a:1:{i:2;a:3:{s:2:\"id\";s:1:\"2\";s:10:\"importance\";s:1:\"4\";s:4:\"note\";s:22:\"Praca przy projekcie 1\";}}'),
('22_04_22', 'a:1:{i:2;a:3:{s:2:\"id\";s:1:\"2\";s:10:\"importance\";s:1:\"4\";s:4:\"note\";s:22:\"Praca przy projekcie 1\";}}'),
('22_04_25', 'a:1:{i:2;a:3:{s:2:\"id\";s:1:\"2\";s:10:\"importance\";s:1:\"4\";s:4:\"note\";s:22:\"Praca przy projekcie 1\";}}'),
('22_04_26', 'a:1:{i:2;a:3:{s:2:\"id\";s:1:\"2\";s:10:\"importance\";s:1:\"4\";s:4:\"note\";s:22:\"Praca przy projekcie 1\";}}'),
('22_04_27', 'a:1:{i:2;a:3:{s:2:\"id\";s:1:\"2\";s:10:\"importance\";s:1:\"4\";s:4:\"note\";s:22:\"Praca przy projekcie 1\";}}'),
('22_04_28', 'a:1:{i:2;a:3:{s:2:\"id\";s:1:\"2\";s:10:\"importance\";s:1:\"4\";s:4:\"note\";s:22:\"Praca przy projekcie 1\";}}'),
('22_04_29', 'a:1:{i:2;a:3:{s:2:\"id\";s:1:\"2\";s:10:\"importance\";s:1:\"4\";s:4:\"note\";s:22:\"Praca przy projekcie 1\";}}'),
('22_03_29', 'a:1:{i:2;a:3:{s:2:\"id\";s:1:\"2\";s:10:\"importance\";s:1:\"4\";s:4:\"note\";s:22:\"Praca przy projekcie 1\";}}'),
('22_03_28', 'a:1:{i:2;a:3:{s:2:\"id\";s:1:\"2\";s:10:\"importance\";s:1:\"4\";s:4:\"note\";s:22:\"Praca przy projekcie 1\";}}');

CREATE TABLE `2` (
  `day` mediumtext COLLATE utf8_polish_ci NOT NULL,
  `info` mediumtext COLLATE utf8_polish_ci NOT NULL
) ENGINE=InnoDB DEFAULT CHARSET=utf8 COLLATE=utf8_polish_ci;

INSERT INTO `2` (`day`, `info`) VALUES
('22_03_29', 'a:1:{i:1;a:3:{s:2:\"id\";s:1:\"1\";s:10:\"importance\";s:1:\"9\";s:4:\"note\";s:22:\"Praca przy projekcie 2\";}}'),
('22_03_30', 'a:1:{i:1;a:3:{s:2:\"id\";s:1:\"1\";s:10:\"importance\";s:1:\"9\";s:4:\"note\";s:22:\"Praca przy projekcie 2\";}}'),
('22_03_31', 'a:1:{i:1;a:3:{s:2:\"id\";s:1:\"1\";s:10:\"importance\";s:1:\"9\";s:4:\"note\";s:22:\"Praca przy projekcie 2\";}}'),
('22_04_01', 'a:1:{i:1;a:3:{s:2:\"id\";s:1:\"1\";s:10:\"importance\";s:1:\"9\";s:4:\"note\";s:22:\"Praca przy projekcie 2\";}}'),
('22_04_04', 'a:1:{i:1;a:3:{s:2:\"id\";s:1:\"1\";s:10:\"importance\";s:1:\"9\";s:4:\"note\";s:22:\"Praca przy projekcie 2\";}}'),
('22_04_05', 'a:1:{i:1;a:3:{s:2:\"id\";s:1:\"1\";s:10:\"importance\";s:1:\"9\";s:4:\"note\";s:22:\"Praca przy projekcie 2\";}}'),
('22_04_06', 'a:1:{i:1;a:3:{s:2:\"id\";s:1:\"1\";s:10:\"importance\";s:1:\"9\";s:4:\"note\";s:22:\"Praca przy projekcie 2\";}}'),
('22_04_08', 'a:1:{i:1;a:3:{s:2:\"id\";s:1:\"1\";s:10:\"importance\";s:1:\"9\";s:4:\"note\";s:22:\"Praca przy projekcie 2\";}}'),
('22_04_11', 'a:1:{i:1;a:3:{s:2:\"id\";s:1:\"1\";s:10:\"importance\";s:1:\"9\";s:4:\"note\";s:22:\"Praca przy projekcie 2\";}}'),
('22_04_13', 'a:1:{i:1;a:3:{s:2:\"id\";s:1:\"1\";s:10:\"importance\";s:1:\"9\";s:4:\"note\";s:22:\"Praca przy projekcie 2\";}}'),
('22_04_14', 'a:1:{i:1;a:3:{s:2:\"id\";s:1:\"1\";s:10:\"importance\";s:1:\"9\";s:4:\"note\";s:22:\"Praca przy projekcie 2\";}}'),
('22_04_15', 'a:1:{i:1;a:3:{s:2:\"id\";s:1:\"1\";s:10:\"importance\";s:1:\"9\";s:4:\"note\";s:22:\"Praca przy projekcie 2\";}}'),
('22_04_18', 'a:1:{i:1;a:3:{s:2:\"id\";s:1:\"1\";s:10:\"importance\";s:1:\"9\";s:4:\"note\";s:22:\"Praca przy projekcie 2\";}}'),
('22_04_19', 'a:1:{i:1;a:3:{s:2:\"id\";s:1:\"1\";s:10:\"importance\";s:1:\"9\";s:4:\"note\";s:22:\"Praca przy projekcie 2\";}}'),
('22_04_20', 'a:1:{i:1;a:3:{s:2:\"id\";s:1:\"1\";s:10:\"importance\";s:1:\"9\";s:4:\"note\";s:22:\"Praca przy projekcie 2\";}}'),
('22_04_21', 'a:1:{i:1;a:3:{s:2:\"id\";s:1:\"1\";s:10:\"importance\";s:1:\"9\";s:4:\"note\";s:22:\"Praca przy projekcie 2\";}}'),
('22_04_22', 'a:1:{i:1;a:3:{s:2:\"id\";s:1:\"1\";s:10:\"importance\";s:1:\"9\";s:4:\"note\";s:22:\"Praca przy projekcie 2\";}}'),
('22_04_25', 'a:1:{i:1;a:3:{s:2:\"id\";s:1:\"1\";s:10:\"importance\";s:1:\"9\";s:4:\"note\";s:22:\"Praca przy projekcie 2\";}}'),
('22_04_26', 'a:1:{i:1;a:3:{s:2:\"id\";s:1:\"1\";s:10:\"importance\";s:1:\"9\";s:4:\"note\";s:22:\"Praca przy projekcie 2\";}}'),
('22_04_27', 'a:1:{i:1;a:3:{s:2:\"id\";s:1:\"1\";s:10:\"importance\";s:1:\"9\";s:4:\"note\";s:22:\"Praca przy projekcie 2\";}}'),
('22_04_28', 'a:1:{i:1;a:3:{s:2:\"id\";s:1:\"1\";s:10:\"importance\";s:1:\"9\";s:4:\"note\";s:22:\"Praca przy projekcie 2\";}}'),
('22_04_29', 'a:1:{i:1;a:3:{s:2:\"id\";s:1:\"1\";s:10:\"importance\";s:1:\"9\";s:4:\"note\";s:22:\"Praca przy projekcie 2\";}}'),
('22_03_28', 'a:1:{i:1;a:3:{s:2:\"id\";s:1:\"1\";s:10:\"importance\";s:1:\"9\";s:4:\"note\";s:22:\"Praca przy projekcie 2\";}}');

CREATE TABLE `3` (
  `day` mediumtext COLLATE utf8_polish_ci NOT NULL,
  `info` mediumtext COLLATE utf8_polish_ci NOT NULL
) ENGINE=InnoDB DEFAULT CHARSET=utf8 COLLATE=utf8_polish_ci;

INSERT INTO `3` (`day`, `info`) VALUES
('22_03_31', 'a:1:{i:4;a:3:{s:2:\"id\";s:1:\"4\";s:10:\"importance\";s:1:\"1\";s:4:\"note\";s:22:\"Praca przy projekcie 3\";}}'),
('22_04_01', 'a:1:{i:4;a:3:{s:2:\"id\";s:1:\"4\";s:10:\"importance\";s:1:\"1\";s:4:\"note\";s:22:\"Praca przy projekcie 3\";}}'),
('22_04_04', 'a:1:{i:4;a:3:{s:2:\"id\";s:1:\"4\";s:10:\"importance\";s:1:\"1\";s:4:\"note\";s:22:\"Praca przy projekcie 3\";}}'),
('22_04_05', 'a:1:{i:4;a:3:{s:2:\"id\";s:1:\"4\";s:10:\"importance\";s:1:\"1\";s:4:\"note\";s:22:\"Praca przy projekcie 3\";}}'),
('22_04_06', 'a:1:{i:4;a:3:{s:2:\"id\";s:1:\"4\";s:10:\"importance\";s:1:\"1\";s:4:\"note\";s:22:\"Praca przy projekcie 3\";}}'),
('22_04_07', 'a:1:{i:4;a:3:{s:2:\"id\";s:1:\"4\";s:10:\"importance\";s:1:\"1\";s:4:\"note\";s:22:\"Praca przy projekcie 3\";}}'),
('22_04_08', 'a:1:{i:4;a:3:{s:2:\"id\";s:1:\"4\";s:10:\"importance\";s:1:\"1\";s:4:\"note\";s:22:\"Praca przy projekcie 3\";}}'),
('22_04_11', 'a:1:{i:4;a:3:{s:2:\"id\";s:1:\"4\";s:10:\"importance\";s:1:\"1\";s:4:\"note\";s:22:\"Praca przy projekcie 3\";}}'),
('22_04_12', 'a:1:{i:4;a:3:{s:2:\"id\";s:1:\"4\";s:10:\"importance\";s:1:\"1\";s:4:\"note\";s:22:\"Praca przy projekcie 3\";}}'),
('22_04_13', 'a:1:{i:4;a:3:{s:2:\"id\";s:1:\"4\";s:10:\"importance\";s:1:\"1\";s:4:\"note\";s:22:\"Praca przy projekcie 3\";}}'),
('22_04_14', 'a:1:{i:4;a:3:{s:2:\"id\";s:1:\"4\";s:10:\"importance\";s:1:\"1\";s:4:\"note\";s:22:\"Praca przy projekcie 3\";}}'),
('22_04_15', 'a:1:{i:4;a:3:{s:2:\"id\";s:1:\"4\";s:10:\"importance\";s:1:\"1\";s:4:\"note\";s:22:\"Praca przy projekcie 3\";}}'),
('22_04_18', 'a:1:{i:4;a:3:{s:2:\"id\";s:1:\"4\";s:10:\"importance\";s:1:\"1\";s:4:\"note\";s:22:\"Praca przy projekcie 3\";}}'),
('22_04_19', 'a:1:{i:4;a:3:{s:2:\"id\";s:1:\"4\";s:10:\"importance\";s:1:\"1\";s:4:\"note\";s:22:\"Praca przy projekcie 3\";}}'),
('22_04_20', 'a:1:{i:4;a:3:{s:2:\"id\";s:1:\"4\";s:10:\"importance\";s:1:\"1\";s:4:\"note\";s:22:\"Praca przy projekcie 3\";}}'),
('22_04_21', 'a:1:{i:4;a:3:{s:2:\"id\";s:1:\"4\";s:10:\"importance\";s:1:\"1\";s:4:\"note\";s:22:\"Praca przy projekcie 3\";}}'),
('22_04_22', 'a:1:{i:4;a:3:{s:2:\"id\";s:1:\"4\";s:10:\"importance\";s:1:\"1\";s:4:\"note\";s:22:\"Praca przy projekcie 3\";}}'),
('22_04_25', 'a:1:{i:4;a:3:{s:2:\"id\";s:1:\"4\";s:10:\"importance\";s:1:\"1\";s:4:\"note\";s:22:\"Praca przy projekcie 3\";}}'),
('22_04_26', 'a:1:{i:4;a:3:{s:2:\"id\";s:1:\"4\";s:10:\"importance\";s:1:\"1\";s:4:\"note\";s:22:\"Praca przy projekcie 3\";}}'),
('22_04_27', 'a:1:{i:4;a:3:{s:2:\"id\";s:1:\"4\";s:10:\"importance\";s:1:\"1\";s:4:\"note\";s:22:\"Praca przy projekcie 3\";}}'),
('22_04_28', 'a:1:{i:4;a:3:{s:2:\"id\";s:1:\"4\";s:10:\"importance\";s:1:\"1\";s:4:\"note\";s:22:\"Praca przy projekcie 3\";}}'),
('22_04_29', 'a:1:{i:4;a:3:{s:2:\"id\";s:1:\"4\";s:10:\"importance\";s:1:\"1\";s:4:\"note\";s:22:\"Praca przy projekcie 3\";}}'),
('22_03_30', 'a:1:{i:4;a:3:{s:2:\"id\";s:1:\"4\";s:10:\"importance\";s:1:\"1\";s:4:\"note\";s:22:\"Praca przy projekcie 3\";}}'),
('22_03_29', 'a:1:{i:4;a:3:{s:2:\"id\";s:1:\"4\";s:10:\"importance\";s:1:\"1\";s:4:\"note\";s:22:\"Praca przy projekcie 3\";}}'),
('22_03_28', 'a:1:{i:4;a:3:{s:2:\"id\";s:1:\"4\";s:10:\"importance\";s:1:\"1\";s:4:\"note\";s:22:\"Praca przy projekcie 3\";}}');

CREATE TABLE `4` (
  `day` mediumtext COLLATE utf8_polish_ci NOT NULL,
  `info` mediumtext COLLATE utf8_polish_ci NOT NULL
) ENGINE=InnoDB DEFAULT CHARSET=utf8 COLLATE=utf8_polish_ci;

INSERT INTO `4` (`day`, `info`) VALUES
('22_03_30', 'a:1:{i:5;a:3:{s:2:\"id\";s:1:\"5\";s:10:\"importance\";s:2:\"10\";s:4:\"note\";s:22:\"Praca przy projekcie 4\";}}'),
('22_03_31', 'a:1:{i:5;a:3:{s:2:\"id\";s:1:\"5\";s:10:\"importance\";s:2:\"10\";s:4:\"note\";s:22:\"Praca przy projekcie 4\";}}'),
('22_04_01', 'a:1:{i:5;a:3:{s:2:\"id\";s:1:\"5\";s:10:\"importance\";s:2:\"10\";s:4:\"note\";s:22:\"Praca przy projekcie 4\";}}'),
('22_04_04', 'a:1:{i:5;a:3:{s:2:\"id\";s:1:\"5\";s:10:\"importance\";s:2:\"10\";s:4:\"note\";s:22:\"Praca przy projekcie 4\";}}'),
('22_04_05', 'a:1:{i:5;a:3:{s:2:\"id\";s:1:\"5\";s:10:\"importance\";s:2:\"10\";s:4:\"note\";s:22:\"Praca przy projekcie 4\";}}'),
('22_04_06', 'a:1:{i:5;a:3:{s:2:\"id\";s:1:\"5\";s:10:\"importance\";s:2:\"10\";s:4:\"note\";s:22:\"Praca przy projekcie 4\";}}'),
('22_04_07', 'a:1:{i:5;a:3:{s:2:\"id\";s:1:\"5\";s:10:\"importance\";s:2:\"10\";s:4:\"note\";s:22:\"Praca przy projekcie 4\";}}'),
('22_04_08', 'a:1:{i:5;a:3:{s:2:\"id\";s:1:\"5\";s:10:\"importance\";s:2:\"10\";s:4:\"note\";s:22:\"Praca przy projekcie 4\";}}'),
('22_04_11', 'a:1:{i:5;a:3:{s:2:\"id\";s:1:\"5\";s:10:\"importance\";s:2:\"10\";s:4:\"note\";s:22:\"Praca przy projekcie 4\";}}'),
('22_04_12', 'a:1:{i:5;a:3:{s:2:\"id\";s:1:\"5\";s:10:\"importance\";s:2:\"10\";s:4:\"note\";s:22:\"Praca przy projekcie 4\";}}'),
('22_04_13', 'a:1:{i:5;a:3:{s:2:\"id\";s:1:\"5\";s:10:\"importance\";s:2:\"10\";s:4:\"note\";s:22:\"Praca przy projekcie 4\";}}'),
('22_04_14', 'a:1:{i:5;a:3:{s:2:\"id\";s:1:\"5\";s:10:\"importance\";s:2:\"10\";s:4:\"note\";s:22:\"Praca przy projekcie 4\";}}'),
('22_04_15', 'a:1:{i:5;a:3:{s:2:\"id\";s:1:\"5\";s:10:\"importance\";s:2:\"10\";s:4:\"note\";s:22:\"Praca przy projekcie 4\";}}'),
('22_04_18', 'a:1:{i:5;a:3:{s:2:\"id\";s:1:\"5\";s:10:\"importance\";s:2:\"10\";s:4:\"note\";s:22:\"Praca przy projekcie 4\";}}'),
('22_04_19', 'a:1:{i:5;a:3:{s:2:\"id\";s:1:\"5\";s:10:\"importance\";s:2:\"10\";s:4:\"note\";s:22:\"Praca przy projekcie 4\";}}'),
('22_04_20', 'a:1:{i:5;a:3:{s:2:\"id\";s:1:\"5\";s:10:\"importance\";s:2:\"10\";s:4:\"note\";s:22:\"Praca przy projekcie 4\";}}'),
('22_04_21', 'a:1:{i:5;a:3:{s:2:\"id\";s:1:\"5\";s:10:\"importance\";s:2:\"10\";s:4:\"note\";s:22:\"Praca przy projekcie 4\";}}'),
('22_04_22', 'a:1:{i:5;a:3:{s:2:\"id\";s:1:\"5\";s:10:\"importance\";s:2:\"10\";s:4:\"note\";s:22:\"Praca przy projekcie 4\";}}'),
('22_04_25', 'a:1:{i:5;a:3:{s:2:\"id\";s:1:\"5\";s:10:\"importance\";s:2:\"10\";s:4:\"note\";s:22:\"Praca przy projekcie 4\";}}'),
('22_04_26', 'a:1:{i:5;a:3:{s:2:\"id\";s:1:\"5\";s:10:\"importance\";s:2:\"10\";s:4:\"note\";s:22:\"Praca przy projekcie 4\";}}'),
('22_04_27', 'a:1:{i:5;a:3:{s:2:\"id\";s:1:\"5\";s:10:\"importance\";s:2:\"10\";s:4:\"note\";s:22:\"Praca przy projekcie 4\";}}'),
('22_04_28', 'a:1:{i:5;a:3:{s:2:\"id\";s:1:\"5\";s:10:\"importance\";s:2:\"10\";s:4:\"note\";s:22:\"Praca przy projekcie 4\";}}'),
('22_04_29', 'a:1:{i:5;a:3:{s:2:\"id\";s:1:\"5\";s:10:\"importance\";s:2:\"10\";s:4:\"note\";s:22:\"Praca przy projekcie 4\";}}'),
('22_03_29', 'a:1:{i:5;a:3:{s:2:\"id\";s:1:\"5\";s:10:\"importance\";s:2:\"10\";s:4:\"note\";s:22:\"Praca przy projekcie 4\";}}'),
('22_03_28', 'a:1:{i:5;a:3:{s:2:\"id\";s:1:\"5\";s:10:\"importance\";s:2:\"10\";s:4:\"note\";s:22:\"Praca przy projekcie 4\";}}');

CREATE TABLE `5` (
  `day` mediumtext COLLATE utf8_polish_ci NOT NULL,
  `info` mediumtext COLLATE utf8_polish_ci NOT NULL
) ENGINE=InnoDB DEFAULT CHARSET=utf8 COLLATE=utf8_polish_ci;

INSERT INTO `5` (`day`, `info`) VALUES
('22_03_29', 'a:1:{i:3;a:3:{s:2:\"id\";s:1:\"3\";s:10:\"importance\";s:1:\"7\";s:4:\"note\";s:22:\"Praca przy projekcie 5\";}}'),
('22_03_30', 'a:1:{i:3;a:3:{s:2:\"id\";s:1:\"3\";s:10:\"importance\";s:1:\"7\";s:4:\"note\";s:22:\"Praca przy projekcie 5\";}}'),
('22_03_31', 'a:1:{i:3;a:3:{s:2:\"id\";s:1:\"3\";s:10:\"importance\";s:1:\"7\";s:4:\"note\";s:22:\"Praca przy projekcie 5\";}}'),
('22_04_01', 'a:1:{i:3;a:3:{s:2:\"id\";s:1:\"3\";s:10:\"importance\";s:1:\"7\";s:4:\"note\";s:22:\"Praca przy projekcie 5\";}}'),
('22_04_04', 'a:1:{i:3;a:3:{s:2:\"id\";s:1:\"3\";s:10:\"importance\";s:1:\"7\";s:4:\"note\";s:22:\"Praca przy projekcie 5\";}}'),
('22_04_05', 'a:1:{i:3;a:3:{s:2:\"id\";s:1:\"3\";s:10:\"importance\";s:1:\"7\";s:4:\"note\";s:22:\"Praca przy projekcie 5\";}}'),
('22_04_07', 'a:1:{i:3;a:3:{s:2:\"id\";s:1:\"3\";s:10:\"importance\";s:1:\"7\";s:4:\"note\";s:22:\"Praca przy projekcie 5\";}}'),
('22_04_08', 'a:1:{i:3;a:3:{s:2:\"id\";s:1:\"3\";s:10:\"importance\";s:1:\"7\";s:4:\"note\";s:22:\"Praca przy projekcie 5\";}}'),
('22_04_11', 'a:1:{i:3;a:3:{s:2:\"id\";s:1:\"3\";s:10:\"importance\";s:1:\"7\";s:4:\"note\";s:22:\"Praca przy projekcie 5\";}}'),
('22_04_12', 'a:1:{i:3;a:3:{s:2:\"id\";s:1:\"3\";s:10:\"importance\";s:1:\"7\";s:4:\"note\";s:22:\"Praca przy projekcie 5\";}}'),
('22_04_13', 'a:1:{i:3;a:3:{s:2:\"id\";s:1:\"3\";s:10:\"importance\";s:1:\"7\";s:4:\"note\";s:22:\"Praca przy projekcie 5\";}}'),
('22_04_14', 'a:1:{i:3;a:3:{s:2:\"id\";s:1:\"3\";s:10:\"importance\";s:1:\"7\";s:4:\"note\";s:22:\"Praca przy projekcie 5\";}}'),
('22_04_15', 'a:1:{i:3;a:3:{s:2:\"id\";s:1:\"3\";s:10:\"importance\";s:1:\"7\";s:4:\"note\";s:22:\"Praca przy projekcie 5\";}}'),
('22_04_18', 'a:1:{i:3;a:3:{s:2:\"id\";s:1:\"3\";s:10:\"importance\";s:1:\"7\";s:4:\"note\";s:22:\"Praca przy projekcie 5\";}}'),
('22_04_19', 'a:1:{i:3;a:3:{s:2:\"id\";s:1:\"3\";s:10:\"importance\";s:1:\"7\";s:4:\"note\";s:22:\"Praca przy projekcie 5\";}}'),
('22_04_20', 'a:1:{i:3;a:3:{s:2:\"id\";s:1:\"3\";s:10:\"importance\";s:1:\"7\";s:4:\"note\";s:22:\"Praca przy projekcie 5\";}}'),
('22_04_21', 'a:1:{i:3;a:3:{s:2:\"id\";s:1:\"3\";s:10:\"importance\";s:1:\"7\";s:4:\"note\";s:22:\"Praca przy projekcie 5\";}}'),
('22_04_22', 'a:1:{i:3;a:3:{s:2:\"id\";s:1:\"3\";s:10:\"importance\";s:1:\"7\";s:4:\"note\";s:22:\"Praca przy projekcie 5\";}}'),
('22_04_25', 'a:1:{i:3;a:3:{s:2:\"id\";s:1:\"3\";s:10:\"importance\";s:1:\"7\";s:4:\"note\";s:22:\"Praca przy projekcie 5\";}}'),
('22_04_26', 'a:1:{i:3;a:3:{s:2:\"id\";s:1:\"3\";s:10:\"importance\";s:1:\"7\";s:4:\"note\";s:22:\"Praca przy projekcie 5\";}}'),
('22_04_27', 'a:1:{i:3;a:3:{s:2:\"id\";s:1:\"3\";s:10:\"importance\";s:1:\"7\";s:4:\"note\";s:22:\"Praca przy projekcie 5\";}}'),
('22_04_28', 'a:1:{i:3;a:3:{s:2:\"id\";s:1:\"3\";s:10:\"importance\";s:1:\"7\";s:4:\"note\";s:22:\"Praca przy projekcie 5\";}}'),
('22_04_29', 'a:1:{i:3;a:3:{s:2:\"id\";s:1:\"3\";s:10:\"importance\";s:1:\"7\";s:4:\"note\";s:22:\"Praca przy projekcie 5\";}}'),
('22_03_28', 'a:1:{i:3;a:3:{s:2:\"id\";s:1:\"3\";s:10:\"importance\";s:1:\"7\";s:4:\"note\";s:22:\"Praca przy projekcie 5\";}}');

CREATE TABLE `6` (
  `day` mediumtext COLLATE utf8_polish_ci NOT NULL,
  `info` mediumtext COLLATE utf8_polish_ci NOT NULL
) ENGINE=InnoDB DEFAULT CHARSET=utf8 COLLATE=utf8_polish_ci;

CREATE TABLE `7` (
  `day` mediumtext COLLATE utf8_polish_ci NOT NULL,
  `info` mediumtext COLLATE utf8_polish_ci NOT NULL
) ENGINE=InnoDB DEFAULT CHARSET=utf8 COLLATE=utf8_polish_ci;

CREATE TABLE `8` (
  `day` mediumtext COLLATE utf8_polish_ci NOT NULL,
  `info` mediumtext COLLATE utf8_polish_ci NOT NULL
) ENGINE=InnoDB DEFAULT CHARSET=utf8 COLLATE=utf8_polish_ci;

CREATE TABLE `9` (
  `day` mediumtext COLLATE utf8_polish_ci NOT NULL,
  `info` mediumtext COLLATE utf8_polish_ci NOT NULL
) ENGINE=InnoDB DEFAULT CHARSET=utf8 COLLATE=utf8_polish_ci;

CREATE TABLE `10` (
  `day` mediumtext COLLATE utf8_polish_ci NOT NULL,
  `info` mediumtext COLLATE utf8_polish_ci NOT NULL
) ENGINE=InnoDB DEFAULT CHARSET=utf8 COLLATE=utf8_polish_ci;

CREATE TABLE `projects` (
  `id` int(11) NOT NULL,
  `full_name` varchar(100) NOT NULL
) ENGINE=InnoDB DEFAULT CHARSET=latin1;

INSERT INTO `projects` (`id`, `full_name`) VALUES
(1, 'Projekt 1'),
(2, 'Projekt 2'),
(3, 'Projekt 3'),
(4, 'Projekt 4'),
(5, 'Projekt 5'),
(6, 'Projekt 6'),
(7, 'Projekt 7'),
(8, 'Projekt 8'),
(9, 'Projekt 9'),
(10, 'Projekt 10');

CREATE TABLE `users` (
  `id` int(11) NOT NULL,
  `name` varchar(50) NOT NULL,
  `surname` varchar(50) NOT NULL,
  `username` varchar(50) NOT NULL
) ENGINE=InnoDB DEFAULT CHARSET=latin1;

INSERT INTO `users` (`id`, `name`, `surname`, `username`) VALUES
(1, 'Jan', 'Kowalski', 'jkowalski'),
(2, 'Piotr', 'Malinowski', 'pmalinowski'),
(3, 'Krzysztof', 'Zieba', 'kzieba'),
(4, 'Jakub', 'Szeroki', 'jszeroki'),
(5, 'Jan', 'Dudek', 'jdudek');

ALTER TABLE `projects`
  ADD PRIMARY KEY (`id`);

ALTER TABLE `users`
  ADD PRIMARY KEY (`id`);

ALTER TABLE `projects`
  MODIFY `id` int(11) NOT NULL AUTO_INCREMENT, AUTO_INCREMENT=11;

ALTER TABLE `users`
  MODIFY `id` int(11) NOT NULL AUTO_INCREMENT, AUTO_INCREMENT=6;
